"","Zeitliche Flexibilität","Örtliche Flexibilität","Erreichbarkeit","Pro-/Reaktivität","Agile Methoden","Organisationsstruktur","Autonomie","Partizipation","Virtuelle Zusammenarbeit","IKT Nutzung & Vernetzung","Automation"
"1",10,10,10,10,10,10,10,10,10,10,10
"2",0,0,0,0,0,0,0,0,0,0,0
"3",8.08108108108108,7.8018018018018,5.57271557271557,8.14414414414414,6.01351351351351,6.41621621621622,8.28228228228228,8.02162162162162,8.0972972972973,8.32432432432432,7.81081081081081
