"","Zeitliche Flexibilität","Örtliche Flexibilität","Erreichbarkeit","Pro-/Reaktivität","Agile Methoden","Organisationsstruktur","Autonomie","Partizipation","Virtuelle Zusammenarbeit","IKT Nutzung & Vernetzung","Automation"
"1",10,10,10,10,10,10,10,10,10,10,10
"2",0,0,0,0,0,0,0,0,0,0,0
"3",7.71084337349398,7.18072289156627,5.12908777969019,7.72690763052209,7.46987951807229,6.09397590361446,7.81258366800536,7.40240963855422,5.72530120481928,8.79518072289157,2.68674698795181
