"","Zeitliche Flexibilität","Örtliche Flexibilität","Erreichbarkeit","Pro-/Reaktivität","Agile Methoden","Organisationsstruktur","Autonomie","Partizipation","Virtuelle Zusammenarbeit","IKT Nutzung & Vernetzung","Automation"
"1",10,10,10,10,10,10,10,10,10,10,10
"2",0,0,0,0,0,0,0,0,0,0,0
"3",7.77027027027027,6.38288288288288,4.55920205920206,7.26576576576577,2.97297297297297,5.90405405405405,8.48198198198198,7.26486486486486,4.97027027027027,8.17567567567568,2.26689189189189
