"","Zeitliche Flexibilität","Örtliche Flexibilität","Erreichbarkeit","Pro-/Reaktivität","Agile Methoden","Organisationsstruktur","Autonomie","Partizipation","Virtuelle Zusammenarbeit","IKT Nutzung & Vernetzung","Automation"
"1",10,10,10,10,10,10,10,10,10,10,10
"2",0,0,0,0,0,0,0,0,0,0,0
"3",4.09278350515464,3.27835051546392,2.34167893961708,6.446735395189,3.29896907216495,5.71752577319588,6.1901489117984,5.85567010309278,4.00412371134021,6.28865979381443,2.22680412371134
