"","Zeitliche Flexibilität","Örtliche Flexibilität","Erreichbarkeit","Pro-/Reaktivität","Agile Methoden","Organisationsstruktur","Autonomie","Partizipation","Virtuelle Zusammenarbeit","IKT Nutzung & Vernetzung","Automation"
"1",10,10,10,10,10,10,10,10,10,10,10
"2",0,0,0,0,0,0,0,0,0,0,0
"3",7.02325581395349,6.10077519379845,4.35769656699889,4.92248062015504,3.54651162790698,4.18837209302326,6.94573643410853,5.42325581395349,5.15348837209302,7.54263565891473,3.40116279069767
