"","Zeitliche Flexibilität","Örtliche Flexibilität","Erreichbarkeit","Pro-/Reaktivität","Agile Methoden","Organisationsstruktur","Autonomie","Partizipation","Virtuelle Zusammenarbeit","IKT Nutzung & Vernetzung","Automation"
"1",10,10,10,10,10,10,10,10,10,10,10
"2",0,0,0,0,0,0,0,0,0,0,0
"3",5.03896103896104,3.54978354978355,2.53555967841682,4.15584415584416,2.56493506493507,3.05454545454545,5.72582972582973,4.1974025974026,3.30909090909091,6.37229437229437,2.62987012987013
